WEL_CFA_PLATINUM_2020_LEVEL_I_PRINT,S22perfnewuser507
WEL_CFA_GOLD_2020_LEVEL_I_PRINT,S22perfnewuser188
WEL_CFA_PLATINUM_2020_LEVEL_II_PRINT,S22perfnewuser164
WEL_CFA_GOLD_2020_LEVEL_II_PRINT,S22perfnewuser026
WEL_CFA_PLATINUM_2020_LEVEL_III_PRINT,S22perfnewuser381
WEL_CFA_GOLD_2020_LEVEL_III_PRINT,S22perfnewuser001
WEL_CFA_SELF_STUDY_2020_LEVEL_I_PRINT,S22perfnewuser362
WEL_CFA_11TH_HOUR_FINAL_REVIEW_2020_LEVEL_I_PRINT,S20069perfnewuser
WEL_CFA_FORMULA_SHEETS_2020_LEVEL_I,S20235perfnewuser
WEL_CFA_TEST_BANK_2020_LEVEL_I,S20419perfnewuser
WEL_CFA_STUDY_GUIDE_2020_LEVEL_I_PRINT,S20766perfnewuser
WEL_CFA_FLASHCARDS_2020_LEVEL_I,S20694perfnewuser
WEL_CFA_MOCK_EXAM_2020_LEVEL_I,S20458perfnewuser
WEL_CFA_11TH_HOUR_GUIDE_2020_LEVEL_I_PRINT,S22perfnewuser507
WEL_CFA_SELF_STUDY_2020_LEVEL_II_EBOOK,S22perfnewuser188
WEL_CFA_11TH_HOUR_FINAL_REVIEW_2020_LEVEL_II_PRINT,S22perfnewuser164
WEL_CFA_FORMULA_SHEETS_2020_LEVEL_II,S22perfnewuser026
WEL_CFA_TEST_BANK_2020_LEVEL_II,S22perfnewuser381
WEL_CFA_STUDY_GUIDE_2020_LEVEL_II_PRINT,S22perfnewuser001
WEL_CFA_FLASHCARDS_2020_LEVEL_II,S22perfnewuser362
WEL_CFA_MOCK_EXAM_2020_LEVEL_II,S20069perfnewuser
WEL_CFA_11TH_HOUR_GUIDE_2020_LEVEL_II_PRINT,S20235perfnewuser
WEL_CFA_SELF_STUDY_2020_LEVEL_III_PRINT,S20419perfnewuser
WEL_CFA_11TH_HOUR_FINAL_REVIEW_2020_LEVEL_III_PRINT,S20766perfnewuser
WEL_CFA_FORMULA_SHEETS_2020_LEVEL_III,S20694perfnewuser
WEL_CFA_TEST_BANK_2020_LEVEL_III,S20458perfnewuser
WEL_CFA_STUDY_GUIDE_2020_LEVEL_III_PRINT,S22perfnewuser507
WEL_CFA_FLASHCARDS_2020_LEVEL_III,S22perfnewuser188
WEL_CFA_MOCK_EXAM_2020_LEVEL_III,S22perfnewuser164
WEL_CFA_11TH_HOUR_GUIDE_2020_LEVEL_III_PRINT,S22perfnewuser026
WEL_CPA_PLATINUM_REVIEW_COURSE_AUD_PRINT_AND_EBOOK_2020_MARCH,S22perfnewuser381
WEL_CPA_PLATINUM_REVIEW_COURSE_BEC_PRINT_AND_EBOOK_2020_MARCH,S22perfnewuser001
WEL_CPA_PLATINUM_REVIEW_COURSE_FAR_PRINT_AND_EBOOK_2020_MARCH,S22perfnewuser362
WEL_CPA_PLATINUM_REVIEW_COURSE_REG_PRINT_AND_EBOOK_2020_MARCH,S20069perfnewuser
WEL_CPA_PLATINUM_REVIEW_COURSE_SET_PRINT_AND_EBOOK_2020_MARCH,S20235perfnewuser
WEL_CPA_PLATINUM_REVIEW_COURSE_AUD_EBOOK_2020_MARCH,S20419perfnewuser
WEL_CPA_PLATINUM_REVIEW_COURSE_BEC_EBOOK_2020_MARCH,S20766perfnewuser
WEL_CPA_PLATINUM_REVIEW_COURSE_FAR_EBOOK_2020_MARCH,S20694perfnewuser
WEL_CPA_PLATINUM_REVIEW_COURSE_REG_EBOOK_2020_MARCH,S20458perfnewuser
