WEL_CPA_ESSENTIALS_REVIEW_COURSE_REG_EBOOK_2020_MAR,WEL_CFA_PLATINUM_2020_LEVEL_I_PRINT
WEL_CPA_PRO_REVIEW_COURSE_SET_PRINT_AND_EBOOK_2020_MARCH,WEL_CPA_ESSENTIALS_REVIEW_COURSE_REG_EBOOK_2020_MAR
WEL_CFA_PLATINUM_2020_LEVEL_I_PRINT,WEL_CPA_PRO_REVIEW_COURSE_SET_PRINT_AND_EBOOK_2020_MARCH
WEL_CFA_GOLD_2020_LEVEL_I_PRINT,WEL_CFA_FORMULA_SHEETS_2020_LEVEL_I
WEL_CFA_PLATINUM_2020_LEVEL_II_PRINT,WEL_CFA_GOLD_2020_LEVEL_I_PRINT
WEL_CFA_GOLD_2020_LEVEL_II_PRINT,WEL_CFA_GOLD_2020_LEVEL_I_PRINT
WEL_CFA_PLATINUM_2020_LEVEL_III_PRINT,WEL_CFA_STUDY_GUIDE_2020_LEVEL_II_PRINT
WEL_CFA_GOLD_2020_LEVEL_III_PRINT,WEL_CFA_11TH_HOUR_FINAL_REVIEW_2020_LEVEL_I_PRINT
WEL_CFA_SELF_STUDY_2020_LEVEL_I_PRINT,WEL_CFA_GOLD_2020_LEVEL_I_PRINT
WEL_CFA_11TH_HOUR_FINAL_REVIEW_2020_LEVEL_I_PRINT,WEL_CFA_GOLD_2020_LEVEL_I_PRINT
WEL_CFA_FORMULA_SHEETS_2020_LEVEL_I,WEL_CFA_STUDY_GUIDE_2020_LEVEL_I_PRINT
WEL_CFA_TEST_BANK_2020_LEVEL_I,WEL_CFA_MOCK_EXAM_2020_LEVEL_I
WEL_CFA_STUDY_GUIDE_2020_LEVEL_I_PRINT,WEL_CFA_FORMULA_SHEETS_2020_LEVEL_II
WEL_CFA_FLASHCARDS_2020_LEVEL_I,WEL_CFA_SELF_STUDY_2020_LEVEL_II_EBOOK
WEL_CFA_MOCK_EXAM_2020_LEVEL_I,WEL_CFA_11TH_HOUR_GUIDE_2020_LEVEL_I_PRINT
WEL_CFA_11TH_HOUR_GUIDE_2020_LEVEL_I_PRINT,WEL_CFA_SELF_STUDY_2020_LEVEL_II_EBOOK
WEL_CFA_SELF_STUDY_2020_LEVEL_II_EBOOK,WEL_CFA_11TH_HOUR_FINAL_REVIEW_2020_LEVEL_II_PRINT
"WEL_CFA_11TH_HOUR_FINAL_REVIEW_2020_LEVEL_II_PRINT,",WEL_CFA_STUDY_GUIDE_2020_LEVEL_II_PRINT
WEL_CFA_FORMULA_SHEETS_2020_LEVEL_II,WEL_CFA_STUDY_GUIDE_2020_LEVEL_II_PRINT
WEL_CFA_TEST_BANK_2020_LEVEL_II,WEL_CFA_FORMULA_SHEETS_2020_LEVEL_II
WEL_CFA_STUDY_GUIDE_2020_LEVEL_II_PRINT,WEL_CFA_MOCK_EXAM_2020_LEVEL_II
WEL_CFA_FLASHCARDS_2020_LEVEL_II,WEL_CFA_STUDY_GUIDE_2020_LEVEL_II_PRINT
WEL_CFA_MOCK_EXAM_2020_LEVEL_II,WEL_CFA_11TH_HOUR_GUIDE_2020_LEVEL_II_PRINT
WEL_CFA_11TH_HOUR_GUIDE_2020_LEVEL_II_PRINT,WEL_CFA_TEST_BANK_2020_LEVEL_III
WEL_CFA_SELF_STUDY_2020_LEVEL_III_PRINT,WEL_CFA_STUDY_GUIDE_2020_LEVEL_III_PRINT
WEL_CFA_11TH_HOUR_FINAL_REVIEW_2020_LEVEL_III_PRINT,WEL_CFA_TEST_BANK_2020_LEVEL_III
WEL_CFA_FORMULA_SHEETS_2020_LEVEL_III,WEL_CFA_11TH_HOUR_FINAL_REVIEW_2020_LEVEL_III_PRINT
WEL_CFA_TEST_BANK_2020_LEVEL_III,WEL_CFA_FLASHCARDS_2020_LEVEL_III
WEL_CFA_STUDY_GUIDE_2020_LEVEL_III_PRINT,WEL_CFA_MOCK_EXAM_2020_LEVEL_III
WEL_CFA_FLASHCARDS_2020_LEVEL_III,WEL_CFA_STUDY_GUIDE_2020_LEVEL_III_PRINT
WEL_CFA_MOCK_EXAM_2020_LEVEL_III,WEL_CFA_11TH_HOUR_GUIDE_2020_LEVEL_III_PRINT
WEL_CFA_11TH_HOUR_GUIDE_2020_LEVEL_III_PRINT,WEL_CPA_PLATINUM_REVIEW_COURSE_BEC_PRINT_AND_EBOOK_2020_MARCH
WEL_CPA_PLATINUM_REVIEW_COURSE_AUD_PRINT_AND_EBOOK_2020_MARCH,WEL_CFA_11TH_HOUR_GUIDE_2020_LEVEL_III_PRINT
WEL_CPA_PLATINUM_REVIEW_COURSE_BEC_PRINT_AND_EBOOK_2020_MARCH,WEL_CPA_PLATINUM_REVIEW_COURSE_FAR_PRINT_AND_EBOOK_2020_MARCH
WEL_CPA_PLATINUM_REVIEW_COURSE_FAR_PRINT_AND_EBOOK_2020_MARCH,WEL_CPA_PLATINUM_REVIEW_COURSE_BEC_PRINT_AND_EBOOK_2020_MARCH
WEL_CPA_PLATINUM_REVIEW_COURSE_SET_PRINT_AND_EBOOK_2020_MARCH,WEL_CPA_PRO_REVIEW_COURSE_SET_PRINT_AND_EBOOK_2020_MARCH
