cmt,https://perf2.efficientlearning.com/investment-banking/products/prep-course/
securities,https://perf2.efficientlearning.com/investment-banking/products/mergers-and-acquisitions-course/
investment-banking,https://perf2.efficientlearning.com/investment-banking/products/leveraged-finance-course/
cmt,https://perf2.efficientlearning.com/investment-banking/products/accounting-course/
securities,https://perf2.efficientlearning.com/investment-banking/products/valuation-course/
investment-banking,https://perf2.efficientlearning.com/investment-banking/products/financial-modeling-course/
cmt,https://perf2.efficientlearning.com/investment-banking/products/investment-banking-set/
securities,https://perf2.efficientlearning.com/investment-banking/products/investment-banking-book/
investment-banking,https://perf2.efficientlearning.com/investment-banking/products/investment-banking-workbook/
cmt,https://perf2.efficientlearning.com/investment-banking/products/focus-notes/
securities,https://perf2.efficientlearning.com/cima/products/self-study-review-course/
investment-banking,https://perf2.efficientlearning.com/cima/products/study-guide/
cmt,https://perf2.efficientlearning.com/caia/products/level-1-silver-review-course/
securities,https://perf2.efficientlearning.com/caia/products/level-2-silver-review-course/
investment-banking,https://perf2.efficientlearning.com/caia/products/level-1-self-study-course/
cmt,https://perf2.efficientlearning.com/caia/products/level-1-test-bank/
securities,https://perf2.efficientlearning.com/caia/products/level-1-study-guide/
investment-banking,https://perf2.efficientlearning.com/caia/products/level-1-mock-exam/
